epoch,train_loss,val_loss,test_loss,train_metric,val_metric,test_metric,lr,best_val_metric,best_test_metric,best_epoch,metric_name,metric_direction,run_mode,seed
0,1.3980331420898438,1.1882413625717163,1.2224823236465454,0.4732142857142857,0.6071428571428571,0.5,0.01,0.6071428571428571,0.5,0,Accuracy,higher,final,2
1,1.314605712890625,1.1413675546646118,1.212433934211731,0.5178571428571429,0.6071428571428571,0.5277777777777778,0.01,0.6071428571428571,0.5,0,Accuracy,higher,final,2
2,1.3061920404434204,1.149046778678894,1.2101435661315918,0.5,0.6071428571428571,0.5,0.01,0.6071428571428571,0.5,0,Accuracy,higher,final,2
3,1.3189798593521118,1.151799201965332,1.196927785873413,0.5089285714285714,0.6071428571428571,0.5,0.01,0.6071428571428571,0.5,0,Accuracy,higher,final,2
4,1.2468550205230713,1.1490145921707153,1.1830075979232788,0.5089285714285714,0.6071428571428571,0.5,0.01,0.6071428571428571,0.5,0,Accuracy,higher,final,2
5,1.2557822465896606,1.13654363155365,1.1697211265563965,0.4732142857142857,0.6071428571428571,0.5555555555555556,0.01,0.6071428571428571,0.5,0,Accuracy,higher,final,2
6,1.2618762254714966,1.1367969512939453,1.1699384450912476,0.5178571428571429,0.5357142857142857,0.5555555555555556,0.01,0.6071428571428571,0.5,0,Accuracy,higher,final,2
7,1.3130847215652466,1.1511286497116089,1.1762007474899292,0.5,0.5714285714285714,0.5833333333333334,0.01,0.6071428571428571,0.5,0,Accuracy,higher,final,2
8,1.3074079751968384,1.1618099212646484,1.1798945665359497,0.4732142857142857,0.6071428571428571,0.5555555555555556,0.01,0.6071428571428571,0.5,0,Accuracy,higher,final,2
9,1.2943698167800903,1.1618658304214478,1.1789723634719849,0.49107142857142855,0.6071428571428571,0.5277777777777778,0.01,0.6071428571428571,0.5,0,Accuracy,higher,final,2
10,1.2016445398330688,1.1533616781234741,1.175711989402771,0.5089285714285714,0.6071428571428571,0.5,0.01,0.6071428571428571,0.5,0,Accuracy,higher,final,2
11,1.1983087062835693,1.1428043842315674,1.171247959136963,0.5089285714285714,0.6071428571428571,0.5,0.01,0.6071428571428571,0.5,0,Accuracy,higher,final,2
12,1.2011393308639526,1.1259361505508423,1.16191565990448,0.49107142857142855,0.6071428571428571,0.5277777777777778,0.01,0.6071428571428571,0.5,0,Accuracy,higher,final,2
13,1.2292518615722656,1.1014388799667358,1.1480191946029663,0.4732142857142857,0.6071428571428571,0.5833333333333334,0.01,0.6071428571428571,0.5,0,Accuracy,higher,final,2
14,1.2396430969238281,1.0799610614776611,1.1373683214187622,0.5,0.5714285714285714,0.5833333333333334,0.01,0.6071428571428571,0.5,0,Accuracy,higher,final,2
15,1.2198278903961182,1.0677918195724487,1.1328753232955933,0.5178571428571429,0.5357142857142857,0.5555555555555556,0.01,0.6071428571428571,0.5,0,Accuracy,higher,final,2
16,1.269597053527832,1.0709642171859741,1.1329373121261597,0.5178571428571429,0.5714285714285714,0.5555555555555556,0.01,0.6071428571428571,0.5,0,Accuracy,higher,final,2
17,1.2470399141311646,1.0783575773239136,1.1343778371810913,0.5267857142857143,0.5357142857142857,0.5555555555555556,0.01,0.6071428571428571,0.5,0,Accuracy,higher,final,2
18,1.2466822862625122,1.090824842453003,1.1375261545181274,0.5267857142857143,0.5357142857142857,0.5555555555555556,0.01,0.6071428571428571,0.5,0,Accuracy,higher,final,2
19,1.2564150094985962,1.1082853078842163,1.1427711248397827,0.49107142857142855,0.6071428571428571,0.5833333333333334,0.01,0.6071428571428571,0.5,0,Accuracy,higher,final,2
20,1.1957675218582153,1.1222753524780273,1.1477614641189575,0.4732142857142857,0.6071428571428571,0.5833333333333334,0.01,0.6071428571428571,0.5,0,Accuracy,higher,final,2
21,1.2803529500961304,1.1319829225540161,1.1519571542739868,0.49107142857142855,0.6071428571428571,0.5555555555555556,0.01,0.6071428571428571,0.5,0,Accuracy,higher,final,2
22,1.2483651638031006,1.1288764476776123,1.150687575340271,0.48214285714285715,0.6071428571428571,0.6111111111111112,0.01,0.6071428571428571,0.5,0,Accuracy,higher,final,2
23,1.20583176612854,1.1189643144607544,1.1468127965927124,0.4732142857142857,0.6071428571428571,0.5555555555555556,0.01,0.6071428571428571,0.5,0,Accuracy,higher,final,2
24,1.2201693058013916,1.100834608078003,1.1392263174057007,0.5,0.6071428571428571,0.5833333333333334,0.01,0.6071428571428571,0.5,0,Accuracy,higher,final,2
25,1.233397126197815,1.0804575681686401,1.1320594549179077,0.5089285714285714,0.5357142857142857,0.5555555555555556,0.01,0.6071428571428571,0.5,0,Accuracy,higher,final,2
26,1.1968015432357788,1.0651609897613525,1.1272485256195068,0.5267857142857143,0.5357142857142857,0.5555555555555556,0.01,0.6071428571428571,0.5,0,Accuracy,higher,final,2
27,1.2140852212905884,1.0565905570983887,1.12373948097229,0.5267857142857143,0.5357142857142857,0.5555555555555556,0.01,0.6071428571428571,0.5,0,Accuracy,higher,final,2
28,1.1551005840301514,1.0512689352035522,1.1201621294021606,0.5267857142857143,0.5357142857142857,0.5555555555555556,0.01,0.6071428571428571,0.5,0,Accuracy,higher,final,2
29,1.2083197832107544,1.053096890449524,1.1185975074768066,0.5089285714285714,0.5357142857142857,0.5555555555555556,0.01,0.6071428571428571,0.5,0,Accuracy,higher,final,2
30,1.2435190677642822,1.0613423585891724,1.1203533411026,0.5089285714285714,0.5714285714285714,0.5555555555555556,0.01,0.6071428571428571,0.5,0,Accuracy,higher,final,2
31,1.2119661569595337,1.064835786819458,1.1208161115646362,0.48214285714285715,0.6071428571428571,0.5833333333333334,0.01,0.6071428571428571,0.5,0,Accuracy,higher,final,2
32,1.1907885074615479,1.0602843761444092,1.1187108755111694,0.5178571428571429,0.5714285714285714,0.5555555555555556,0.01,0.6071428571428571,0.5,0,Accuracy,higher,final,2
33,1.1830106973648071,1.0541900396347046,1.1162893772125244,0.5089285714285714,0.5714285714285714,0.5833333333333334,0.01,0.6071428571428571,0.5,0,Accuracy,higher,final,2
34,1.2122957706451416,1.0451536178588867,1.114084243774414,0.5357142857142857,0.5357142857142857,0.5555555555555556,0.01,0.6071428571428571,0.5,0,Accuracy,higher,final,2
35,1.248993158340454,1.0418378114700317,1.1153476238250732,0.5178571428571429,0.5714285714285714,0.5555555555555556,0.01,0.6071428571428571,0.5,0,Accuracy,higher,final,2
36,1.2080293893814087,1.037878155708313,1.1152387857437134,0.5089285714285714,0.6071428571428571,0.5277777777777778,0.01,0.6071428571428571,0.5,0,Accuracy,higher,final,2
37,1.184255599975586,1.0335972309112549,1.1129658222198486,0.5089285714285714,0.6071428571428571,0.5277777777777778,0.01,0.6071428571428571,0.5,0,Accuracy,higher,final,2
38,1.2096132040023804,1.0329464673995972,1.1106607913970947,0.5178571428571429,0.5714285714285714,0.5555555555555556,0.01,0.6071428571428571,0.5,0,Accuracy,higher,final,2
39,1.1918675899505615,1.034682035446167,1.1094629764556885,0.5267857142857143,0.5357142857142857,0.5555555555555556,0.01,0.6071428571428571,0.5,0,Accuracy,higher,final,2
40,1.1720397472381592,1.0424522161483765,1.1104899644851685,0.5357142857142857,0.5357142857142857,0.5555555555555556,0.01,0.6071428571428571,0.5,0,Accuracy,higher,final,2
41,1.2087805271148682,1.0532045364379883,1.1139163970947266,0.5,0.5714285714285714,0.5555555555555556,0.01,0.6071428571428571,0.5,0,Accuracy,higher,final,2
42,1.1989691257476807,1.0620051622390747,1.1173175573349,0.49107142857142855,0.5714285714285714,0.5833333333333334,0.01,0.6071428571428571,0.5,0,Accuracy,higher,final,2
43,1.2225276231765747,1.0602487325668335,1.1161386966705322,0.49107142857142855,0.5714285714285714,0.5555555555555556,0.01,0.6071428571428571,0.5,0,Accuracy,higher,final,2
44,1.18531334400177,1.0567800998687744,1.114205241203308,0.5089285714285714,0.5714285714285714,0.5555555555555556,0.01,0.6071428571428571,0.5,0,Accuracy,higher,final,2
45,1.1971312761306763,1.0518755912780762,1.111722469329834,0.5267857142857143,0.5714285714285714,0.5555555555555556,0.01,0.6071428571428571,0.5,0,Accuracy,higher,final,2
46,1.2616498470306396,1.0436846017837524,1.1087408065795898,0.5357142857142857,0.5357142857142857,0.5555555555555556,0.01,0.6071428571428571,0.5,0,Accuracy,higher,final,2
47,1.1987472772598267,1.0315675735473633,1.1047848463058472,0.5267857142857143,0.5357142857142857,0.5555555555555556,0.01,0.6071428571428571,0.5,0,Accuracy,higher,final,2
48,1.1612069606781006,1.0217503309249878,1.1018534898757935,0.5178571428571429,0.5714285714285714,0.5555555555555556,0.01,0.6071428571428571,0.5,0,Accuracy,higher,final,2
49,1.1913763284683228,1.0183087587356567,1.0996358394622803,0.5178571428571429,0.5714285714285714,0.5555555555555556,0.01,0.6071428571428571,0.5,0,Accuracy,higher,final,2
50,1.2434343099594116,1.0162512063980103,1.098317265510559,0.5267857142857143,0.5714285714285714,0.5555555555555556,0.01,0.6071428571428571,0.5,0,Accuracy,higher,final,2
51,1.1907671689987183,1.0183894634246826,1.0979056358337402,0.5357142857142857,0.5357142857142857,0.5555555555555556,0.01,0.6071428571428571,0.5,0,Accuracy,higher,final,2
52,1.169403076171875,1.0236300230026245,1.098398208618164,0.5357142857142857,0.5714285714285714,0.5555555555555556,0.01,0.6071428571428571,0.5,0,Accuracy,higher,final,2
53,1.1913750171661377,1.027397632598877,1.098544716835022,0.5267857142857143,0.5714285714285714,0.5555555555555556,0.01,0.6071428571428571,0.5,0,Accuracy,higher,final,2
54,1.210093379020691,1.0290464162826538,1.0984244346618652,0.5267857142857143,0.5714285714285714,0.5555555555555556,0.01,0.6071428571428571,0.5,0,Accuracy,higher,final,2
55,1.2415735721588135,1.0274927616119385,1.0984419584274292,0.5357142857142857,0.5357142857142857,0.5555555555555556,0.01,0.6071428571428571,0.5,0,Accuracy,higher,final,2
56,1.1601436138153076,1.027870774269104,1.099001169204712,0.5357142857142857,0.5357142857142857,0.5555555555555556,0.01,0.6071428571428571,0.5,0,Accuracy,higher,final,2
57,1.2061060667037964,1.0325801372528076,1.1009581089019775,0.5357142857142857,0.5357142857142857,0.5555555555555556,0.01,0.6071428571428571,0.5,0,Accuracy,higher,final,2
58,1.195351004600525,1.0363661050796509,1.1033008098602295,0.5267857142857143,0.5357142857142857,0.5555555555555556,0.01,0.6071428571428571,0.5,0,Accuracy,higher,final,2
59,1.2500921487808228,1.041585922241211,1.1057543754577637,0.5357142857142857,0.5357142857142857,0.5555555555555556,0.01,0.6071428571428571,0.5,0,Accuracy,higher,final,2
60,1.1774510145187378,1.0470001697540283,1.1081053018569946,0.5357142857142857,0.5357142857142857,0.5555555555555556,0.01,0.6071428571428571,0.5,0,Accuracy,higher,final,2
61,1.217670202255249,1.05055832862854,1.1095366477966309,0.5357142857142857,0.5357142857142857,0.5555555555555556,0.01,0.6071428571428571,0.5,0,Accuracy,higher,final,2
62,1.1535003185272217,1.0510666370391846,1.1093565225601196,0.5267857142857143,0.5714285714285714,0.5555555555555556,0.01,0.6071428571428571,0.5,0,Accuracy,higher,final,2
63,1.1633840799331665,1.0505470037460327,1.1092584133148193,0.5267857142857143,0.5714285714285714,0.5555555555555556,0.01,0.6071428571428571,0.5,0,Accuracy,higher,final,2
64,1.2206840515136719,1.0466264486312866,1.108336091041565,0.5267857142857143,0.5714285714285714,0.5555555555555556,0.01,0.6071428571428571,0.5,0,Accuracy,higher,final,2
65,1.1864736080169678,1.0412691831588745,1.1069087982177734,0.5267857142857143,0.5714285714285714,0.5555555555555556,0.01,0.6071428571428571,0.5,0,Accuracy,higher,final,2
66,1.202750325202942,1.034565806388855,1.1056098937988281,0.5357142857142857,0.5357142857142857,0.5555555555555556,0.01,0.6071428571428571,0.5,0,Accuracy,higher,final,2
67,1.1528199911117554,1.0295629501342773,1.1044940948486328,0.5357142857142857,0.5357142857142857,0.5555555555555556,0.01,0.6071428571428571,0.5,0,Accuracy,higher,final,2
68,1.1999574899673462,1.026970624923706,1.1041321754455566,0.5357142857142857,0.5357142857142857,0.5555555555555556,0.01,0.6071428571428571,0.5,0,Accuracy,higher,final,2
69,1.1840842962265015,1.0296238660812378,1.1041977405548096,0.5357142857142857,0.5357142857142857,0.5555555555555556,0.01,0.6071428571428571,0.5,0,Accuracy,higher,final,2
70,1.1820930242538452,1.0348073244094849,1.1049256324768066,0.5267857142857143,0.5714285714285714,0.5555555555555556,0.01,0.6071428571428571,0.5,0,Accuracy,higher,final,2
71,1.2240341901779175,1.040637731552124,1.1060869693756104,0.5267857142857143,0.5714285714285714,0.5555555555555556,0.01,0.6071428571428571,0.5,0,Accuracy,higher,final,2
72,1.1735632419586182,1.0406339168548584,1.106037974357605,0.5267857142857143,0.5714285714285714,0.5555555555555556,0.01,0.6071428571428571,0.5,0,Accuracy,higher,final,2
73,1.1885013580322266,1.043723702430725,1.1067769527435303,0.5267857142857143,0.5714285714285714,0.5555555555555556,0.01,0.6071428571428571,0.5,0,Accuracy,higher,final,2
74,1.12157142162323,1.0464693307876587,1.1071243286132812,0.5267857142857143,0.5714285714285714,0.5555555555555556,0.01,0.6071428571428571,0.5,0,Accuracy,higher,final,2
75,1.1848915815353394,1.0480033159255981,1.1073839664459229,0.5267857142857143,0.5714285714285714,0.5555555555555556,0.01,0.6071428571428571,0.5,0,Accuracy,higher,final,2
76,1.1507110595703125,1.0513768196105957,1.1081689596176147,0.5267857142857143,0.5714285714285714,0.5555555555555556,0.01,0.6071428571428571,0.5,0,Accuracy,higher,final,2
77,1.2236653566360474,1.055554747581482,1.109000563621521,0.5267857142857143,0.5714285714285714,0.5555555555555556,0.01,0.6071428571428571,0.5,0,Accuracy,higher,final,2
78,1.2228639125823975,1.0584901571273804,1.109354019165039,0.5089285714285714,0.5714285714285714,0.5555555555555556,0.01,0.6071428571428571,0.5,0,Accuracy,higher,final,2
79,1.2520334720611572,1.057307243347168,1.1087270975112915,0.5089285714285714,0.5714285714285714,0.5555555555555556,0.01,0.6071428571428571,0.5,0,Accuracy,higher,final,2
80,1.2142980098724365,1.0557546615600586,1.1078554391860962,0.5089285714285714,0.5714285714285714,0.5555555555555556,0.01,0.6071428571428571,0.5,0,Accuracy,higher,final,2
81,1.1957447528839111,1.049558162689209,1.1057868003845215,0.5267857142857143,0.5714285714285714,0.5555555555555556,0.01,0.6071428571428571,0.5,0,Accuracy,higher,final,2
82,1.1748173236846924,1.043709397315979,1.103914737701416,0.5267857142857143,0.5714285714285714,0.5555555555555556,0.01,0.6071428571428571,0.5,0,Accuracy,higher,final,2
83,1.187445044517517,1.0368708372116089,1.1015686988830566,0.5357142857142857,0.5714285714285714,0.5555555555555556,0.01,0.6071428571428571,0.5,0,Accuracy,higher,final,2
84,1.1604796648025513,1.0298726558685303,1.0992640256881714,0.5357142857142857,0.5357142857142857,0.5555555555555556,0.01,0.6071428571428571,0.5,0,Accuracy,higher,final,2
85,1.1573485136032104,1.0252964496612549,1.0978162288665771,0.5357142857142857,0.5714285714285714,0.5555555555555556,0.01,0.6071428571428571,0.5,0,Accuracy,higher,final,2
86,1.1892220973968506,1.0241981744766235,1.097482681274414,0.5357142857142857,0.5357142857142857,0.5555555555555556,0.01,0.6071428571428571,0.5,0,Accuracy,higher,final,2
87,1.204647421836853,1.0268651247024536,1.098441481590271,0.5357142857142857,0.5357142857142857,0.5555555555555556,0.01,0.6071428571428571,0.5,0,Accuracy,higher,final,2
88,1.2071970701217651,1.0282988548278809,1.0995807647705078,0.5267857142857143,0.5714285714285714,0.5555555555555556,0.01,0.6071428571428571,0.5,0,Accuracy,higher,final,2
89,1.1642628908157349,1.0293916463851929,1.1004012823104858,0.5267857142857143,0.5714285714285714,0.5555555555555556,0.01,0.6071428571428571,0.5,0,Accuracy,higher,final,2
90,1.2124048471450806,1.0278061628341675,1.100187063217163,0.5267857142857143,0.5714285714285714,0.5555555555555556,0.01,0.6071428571428571,0.5,0,Accuracy,higher,final,2
91,1.1971579790115356,1.0266531705856323,1.0997518301010132,0.5357142857142857,0.5357142857142857,0.5555555555555556,0.01,0.6071428571428571,0.5,0,Accuracy,higher,final,2
92,1.219820261001587,1.0257689952850342,1.0997291803359985,0.5357142857142857,0.5357142857142857,0.5555555555555556,0.01,0.6071428571428571,0.5,0,Accuracy,higher,final,2
93,1.188546061515808,1.0254745483398438,1.1002097129821777,0.5357142857142857,0.5357142857142857,0.5555555555555556,0.01,0.6071428571428571,0.5,0,Accuracy,higher,final,2
94,1.2062760591506958,1.0278104543685913,1.1014251708984375,0.5357142857142857,0.5357142857142857,0.5555555555555556,0.01,0.6071428571428571,0.5,0,Accuracy,higher,final,2
95,1.1580702066421509,1.0299956798553467,1.1026328802108765,0.5357142857142857,0.5357142857142857,0.5555555555555556,0.01,0.6071428571428571,0.5,0,Accuracy,higher,final,2
96,1.1767758131027222,1.028100609779358,1.1027582883834839,0.5357142857142857,0.5357142857142857,0.5555555555555556,0.01,0.6071428571428571,0.5,0,Accuracy,higher,final,2
97,1.2107757329940796,1.0292778015136719,1.1034009456634521,0.5357142857142857,0.5357142857142857,0.5555555555555556,0.01,0.6071428571428571,0.5,0,Accuracy,higher,final,2
98,1.1691529750823975,1.0292085409164429,1.1036471128463745,0.5357142857142857,0.5714285714285714,0.5555555555555556,0.01,0.6071428571428571,0.5,0,Accuracy,higher,final,2
99,1.1774581670761108,1.0317622423171997,1.103888988494873,0.5357142857142857,0.5357142857142857,0.5555555555555556,0.01,0.6071428571428571,0.5,0,Accuracy,higher,final,2
100,1.2243701219558716,1.0305256843566895,1.1034616231918335,0.5357142857142857,0.5357142857142857,0.5555555555555556,0.01,0.6071428571428571,0.5,0,Accuracy,higher,final,2
101,1.1908032894134521,1.0294053554534912,1.1035523414611816,0.5357142857142857,0.5357142857142857,0.5555555555555556,0.01,0.6071428571428571,0.5,0,Accuracy,higher,final,2
102,1.2026398181915283,1.0280059576034546,1.1035672426223755,0.5357142857142857,0.5357142857142857,0.5555555555555556,0.01,0.6071428571428571,0.5,0,Accuracy,higher,final,2
103,1.2208172082901,1.0273107290267944,1.1044381856918335,0.5357142857142857,0.5357142857142857,0.5555555555555556,0.01,0.6071428571428571,0.5,0,Accuracy,higher,final,2
104,1.198709487915039,1.0280630588531494,1.1055704355239868,0.5357142857142857,0.5357142857142857,0.5555555555555556,0.01,0.6071428571428571,0.5,0,Accuracy,higher,final,2
105,1.2035293579101562,1.0291327238082886,1.106494665145874,0.5357142857142857,0.5357142857142857,0.5555555555555556,0.01,0.6071428571428571,0.5,0,Accuracy,higher,final,2
106,1.1593856811523438,1.0304677486419678,1.1071431636810303,0.5357142857142857,0.5357142857142857,0.5555555555555556,0.01,0.6071428571428571,0.5,0,Accuracy,higher,final,2
107,1.2106478214263916,1.0297815799713135,1.1072646379470825,0.5267857142857143,0.5357142857142857,0.5555555555555556,0.01,0.6071428571428571,0.5,0,Accuracy,higher,final,2
108,1.1827400922775269,1.0297414064407349,1.107517957687378,0.5267857142857143,0.5714285714285714,0.5555555555555556,0.01,0.6071428571428571,0.5,0,Accuracy,higher,final,2
109,1.2123677730560303,1.0308009386062622,1.1080420017242432,0.5267857142857143,0.5714285714285714,0.5555555555555556,0.01,0.6071428571428571,0.5,0,Accuracy,higher,final,2
110,1.143807053565979,1.0341821908950806,1.1084208488464355,0.5357142857142857,0.5357142857142857,0.5555555555555556,0.01,0.6071428571428571,0.5,0,Accuracy,higher,final,2
111,1.172344446182251,1.0382335186004639,1.1087321043014526,0.5357142857142857,0.5357142857142857,0.5555555555555556,0.01,0.6071428571428571,0.5,0,Accuracy,higher,final,2
112,1.1814137697219849,1.0425784587860107,1.1094434261322021,0.5267857142857143,0.5714285714285714,0.5555555555555556,0.01,0.6071428571428571,0.5,0,Accuracy,higher,final,2
113,1.2032486200332642,1.0456613302230835,1.1102057695388794,0.5267857142857143,0.5714285714285714,0.5555555555555556,0.01,0.6071428571428571,0.5,0,Accuracy,higher,final,2
114,1.1701011657714844,1.0456079244613647,1.1102871894836426,0.5267857142857143,0.5714285714285714,0.5555555555555556,0.01,0.6071428571428571,0.5,0,Accuracy,higher,final,2
115,1.1851675510406494,1.0424731969833374,1.1091599464416504,0.5267857142857143,0.5714285714285714,0.5555555555555556,0.01,0.6071428571428571,0.5,0,Accuracy,higher,final,2
116,1.1388849020004272,1.0395435094833374,1.1079424619674683,0.5267857142857143,0.5714285714285714,0.5555555555555556,0.01,0.6071428571428571,0.5,0,Accuracy,higher,final,2
117,1.154884934425354,1.0343369245529175,1.1060701608657837,0.5267857142857143,0.5714285714285714,0.5555555555555556,0.01,0.6071428571428571,0.5,0,Accuracy,higher,final,2
118,1.179822325706482,1.031946063041687,1.1048502922058105,0.5357142857142857,0.5357142857142857,0.5555555555555556,0.01,0.6071428571428571,0.5,0,Accuracy,higher,final,2
119,1.1883400678634644,1.0300019979476929,1.103980302810669,0.5357142857142857,0.5357142857142857,0.5555555555555556,0.01,0.6071428571428571,0.5,0,Accuracy,higher,final,2
120,1.1727371215820312,1.0302751064300537,1.1034654378890991,0.5357142857142857,0.5357142857142857,0.5555555555555556,0.01,0.6071428571428571,0.5,0,Accuracy,higher,final,2
121,1.199522614479065,1.0307892560958862,1.1031298637390137,0.5357142857142857,0.5357142857142857,0.5555555555555556,0.01,0.6071428571428571,0.5,0,Accuracy,higher,final,2
122,1.1780385971069336,1.03304123878479,1.1031842231750488,0.5357142857142857,0.5357142857142857,0.5555555555555556,0.01,0.6071428571428571,0.5,0,Accuracy,higher,final,2
123,1.2067893743515015,1.0367648601531982,1.103784441947937,0.5357142857142857,0.5357142857142857,0.5555555555555556,0.01,0.6071428571428571,0.5,0,Accuracy,higher,final,2
124,1.1962463855743408,1.0405172109603882,1.1045246124267578,0.5267857142857143,0.5714285714285714,0.5555555555555556,0.01,0.6071428571428571,0.5,0,Accuracy,higher,final,2
125,1.1565219163894653,1.0447947978973389,1.1050524711608887,0.5267857142857143,0.5714285714285714,0.5555555555555556,0.01,0.6071428571428571,0.5,0,Accuracy,higher,final,2
126,1.1969140768051147,1.0508171319961548,1.1060688495635986,0.5267857142857143,0.5714285714285714,0.5555555555555556,0.01,0.6071428571428571,0.5,0,Accuracy,higher,final,2
127,1.1982122659683228,1.0534675121307373,1.1064809560775757,0.5178571428571429,0.5714285714285714,0.5555555555555556,0.01,0.6071428571428571,0.5,0,Accuracy,higher,final,2
128,1.193878173828125,1.0514146089553833,1.105844497680664,0.5267857142857143,0.5714285714285714,0.5555555555555556,0.01,0.6071428571428571,0.5,0,Accuracy,higher,final,2
129,1.1972497701644897,1.045902967453003,1.104588508605957,0.5357142857142857,0.5357142857142857,0.5555555555555556,0.01,0.6071428571428571,0.5,0,Accuracy,higher,final,2
130,1.1764051914215088,1.0443772077560425,1.1043963432312012,0.5357142857142857,0.5714285714285714,0.5555555555555556,0.01,0.6071428571428571,0.5,0,Accuracy,higher,final,2
131,1.180997610092163,1.0434755086898804,1.1042958498001099,0.5357142857142857,0.5357142857142857,0.5555555555555556,0.01,0.6071428571428571,0.5,0,Accuracy,higher,final,2
132,1.1594821214675903,1.0453689098358154,1.1044517755508423,0.5357142857142857,0.5357142857142857,0.5555555555555556,0.01,0.6071428571428571,0.5,0,Accuracy,higher,final,2
133,1.1637009382247925,1.0477412939071655,1.1044726371765137,0.5357142857142857,0.5357142857142857,0.5555555555555556,0.01,0.6071428571428571,0.5,0,Accuracy,higher,final,2
134,1.1804513931274414,1.0499635934829712,1.104501485824585,0.5357142857142857,0.5357142857142857,0.5555555555555556,0.01,0.6071428571428571,0.5,0,Accuracy,higher,final,2
135,1.1949189901351929,1.052125334739685,1.104525089263916,0.5267857142857143,0.5714285714285714,0.5555555555555556,0.01,0.6071428571428571,0.5,0,Accuracy,higher,final,2
136,1.1776697635650635,1.0546282529830933,1.1048153638839722,0.5178571428571429,0.5714285714285714,0.5555555555555556,0.01,0.6071428571428571,0.5,0,Accuracy,higher,final,2
137,1.1951395273208618,1.053895354270935,1.1044445037841797,0.5178571428571429,0.5714285714285714,0.5555555555555556,0.01,0.6071428571428571,0.5,0,Accuracy,higher,final,2
138,1.1660963296890259,1.0528571605682373,1.10392427444458,0.5178571428571429,0.5714285714285714,0.5555555555555556,0.01,0.6071428571428571,0.5,0,Accuracy,higher,final,2
139,1.16656494140625,1.0511144399642944,1.1024878025054932,0.5267857142857143,0.5714285714285714,0.5555555555555556,0.01,0.6071428571428571,0.5,0,Accuracy,higher,final,2
140,1.174691081047058,1.0484787225723267,1.1011844873428345,0.5267857142857143,0.5357142857142857,0.5555555555555556,0.01,0.6071428571428571,0.5,0,Accuracy,higher,final,2
141,1.2015931606292725,1.039659857749939,1.0989775657653809,0.5357142857142857,0.5714285714285714,0.5555555555555556,0.01,0.6071428571428571,0.5,0,Accuracy,higher,final,2
142,1.1489251852035522,1.0354909896850586,1.0979392528533936,0.5267857142857143,0.5714285714285714,0.5555555555555556,0.01,0.6071428571428571,0.5,0,Accuracy,higher,final,2
143,1.174071192741394,1.035486102104187,1.0971468687057495,0.5357142857142857,0.5357142857142857,0.5555555555555556,0.01,0.6071428571428571,0.5,0,Accuracy,higher,final,2
144,1.1893430948257446,1.0371288061141968,1.0965094566345215,0.5357142857142857,0.5357142857142857,0.5555555555555556,0.01,0.6071428571428571,0.5,0,Accuracy,higher,final,2
145,1.2016445398330688,1.0361758470535278,1.0957380533218384,0.5357142857142857,0.5357142857142857,0.5555555555555556,0.01,0.6071428571428571,0.5,0,Accuracy,higher,final,2
146,1.1684952974319458,1.0375611782073975,1.096156120300293,0.5267857142857143,0.5357142857142857,0.5555555555555556,0.01,0.6071428571428571,0.5,0,Accuracy,higher,final,2
147,1.1925716400146484,1.038443684577942,1.0969065427780151,0.5267857142857143,0.5357142857142857,0.5555555555555556,0.01,0.6071428571428571,0.5,0,Accuracy,higher,final,2
148,1.1939538717269897,1.0386854410171509,1.0973939895629883,0.5357142857142857,0.5357142857142857,0.5555555555555556,0.01,0.6071428571428571,0.5,0,Accuracy,higher,final,2
149,1.1992623805999756,1.0381978750228882,1.0977381467819214,0.5357142857142857,0.5357142857142857,0.5555555555555556,0.01,0.6071428571428571,0.5,0,Accuracy,higher,final,2
150,1.1842454671859741,1.0379596948623657,1.0981684923171997,0.5357142857142857,0.5714285714285714,0.5555555555555556,0.01,0.6071428571428571,0.5,0,Accuracy,higher,final,2
151,1.1983152627944946,1.039077877998352,1.0988597869873047,0.5357142857142857,0.5714285714285714,0.5555555555555556,0.01,0.6071428571428571,0.5,0,Accuracy,higher,final,2
152,1.161810040473938,1.0423047542572021,1.1002898216247559,0.5357142857142857,0.5357142857142857,0.5555555555555556,0.01,0.6071428571428571,0.5,0,Accuracy,higher,final,2
153,1.1670070886611938,1.0449354648590088,1.1016722917556763,0.5357142857142857,0.5357142857142857,0.5555555555555556,0.01,0.6071428571428571,0.5,0,Accuracy,higher,final,2
154,1.181303858757019,1.0458022356033325,1.1024432182312012,0.5357142857142857,0.5357142857142857,0.5555555555555556,0.01,0.6071428571428571,0.5,0,Accuracy,higher,final,2
155,1.1882528066635132,1.0464638471603394,1.1031025648117065,0.5357142857142857,0.5357142857142857,0.5555555555555556,0.01,0.6071428571428571,0.5,0,Accuracy,higher,final,2
156,1.1815780401229858,1.045831322669983,1.1030913591384888,0.5267857142857143,0.5357142857142857,0.5555555555555556,0.01,0.6071428571428571,0.5,0,Accuracy,higher,final,2
157,1.1890290975570679,1.046218991279602,1.1032166481018066,0.5267857142857143,0.5357142857142857,0.5555555555555556,0.01,0.6071428571428571,0.5,0,Accuracy,higher,final,2
158,1.206652283668518,1.0477150678634644,1.1037315130233765,0.5267857142857143,0.5357142857142857,0.5555555555555556,0.01,0.6071428571428571,0.5,0,Accuracy,higher,final,2
159,1.1437768936157227,1.0493162870407104,1.1041011810302734,0.5357142857142857,0.5357142857142857,0.5555555555555556,0.01,0.6071428571428571,0.5,0,Accuracy,higher,final,2
160,1.1284433603286743,1.0522537231445312,1.1043848991394043,0.5357142857142857,0.5357142857142857,0.5555555555555556,0.01,0.6071428571428571,0.5,0,Accuracy,higher,final,2
161,1.1793498992919922,1.0534412860870361,1.1044386625289917,0.5357142857142857,0.5357142857142857,0.5555555555555556,0.01,0.6071428571428571,0.5,0,Accuracy,higher,final,2
162,1.208211898803711,1.0540590286254883,1.1045001745224,0.5267857142857143,0.5714285714285714,0.5555555555555556,0.01,0.6071428571428571,0.5,0,Accuracy,higher,final,2
163,1.1879457235336304,1.052634596824646,1.103806972503662,0.5267857142857143,0.5714285714285714,0.5555555555555556,0.01,0.6071428571428571,0.5,0,Accuracy,higher,final,2
164,1.1777427196502686,1.048305869102478,1.1022377014160156,0.5357142857142857,0.5357142857142857,0.5555555555555556,0.01,0.6071428571428571,0.5,0,Accuracy,higher,final,2
165,1.1623725891113281,1.0458643436431885,1.1012228727340698,0.5357142857142857,0.5357142857142857,0.5555555555555556,0.01,0.6071428571428571,0.5,0,Accuracy,higher,final,2
166,1.1610113382339478,1.0417108535766602,1.0996594429016113,0.5357142857142857,0.5357142857142857,0.5555555555555556,0.01,0.6071428571428571,0.5,0,Accuracy,higher,final,2
167,1.1401793956756592,1.038635492324829,1.0979700088500977,0.5357142857142857,0.5357142857142857,0.5555555555555556,0.01,0.6071428571428571,0.5,0,Accuracy,higher,final,2
168,1.175121545791626,1.0369523763656616,1.096575379371643,0.5267857142857143,0.5714285714285714,0.5555555555555556,0.01,0.6071428571428571,0.5,0,Accuracy,higher,final,2
169,1.2184187173843384,1.0344830751419067,1.0957890748977661,0.5357142857142857,0.5357142857142857,0.5555555555555556,0.01,0.6071428571428571,0.5,0,Accuracy,higher,final,2
170,1.1831912994384766,1.0310685634613037,1.0953094959259033,0.5357142857142857,0.5357142857142857,0.5555555555555556,0.01,0.6071428571428571,0.5,0,Accuracy,higher,final,2
171,1.1441690921783447,1.0286191701889038,1.0949307680130005,0.5357142857142857,0.5357142857142857,0.5555555555555556,0.01,0.6071428571428571,0.5,0,Accuracy,higher,final,2
172,1.1647796630859375,1.028226613998413,1.0950464010238647,0.5357142857142857,0.5357142857142857,0.5555555555555556,0.01,0.6071428571428571,0.5,0,Accuracy,higher,final,2
173,1.1923288106918335,1.0279638767242432,1.0954298973083496,0.5357142857142857,0.5357142857142857,0.5555555555555556,0.01,0.6071428571428571,0.5,0,Accuracy,higher,final,2
174,1.1785720586776733,1.0303688049316406,1.096083164215088,0.5357142857142857,0.5357142857142857,0.5555555555555556,0.01,0.6071428571428571,0.5,0,Accuracy,higher,final,2
175,1.1940261125564575,1.0342307090759277,1.0968594551086426,0.5357142857142857,0.5357142857142857,0.5555555555555556,0.01,0.6071428571428571,0.5,0,Accuracy,higher,final,2
176,1.1711684465408325,1.038155198097229,1.0974791049957275,0.5267857142857143,0.5714285714285714,0.5555555555555556,0.01,0.6071428571428571,0.5,0,Accuracy,higher,final,2
177,1.1751985549926758,1.0403296947479248,1.097922444343567,0.5267857142857143,0.5714285714285714,0.5555555555555556,0.01,0.6071428571428571,0.5,0,Accuracy,higher,final,2
178,1.1710487604141235,1.0418363809585571,1.0982859134674072,0.5089285714285714,0.5714285714285714,0.5555555555555556,0.01,0.6071428571428571,0.5,0,Accuracy,higher,final,2
179,1.1416294574737549,1.0453778505325317,1.0994335412979126,0.5,0.5714285714285714,0.5555555555555556,0.01,0.6071428571428571,0.5,0,Accuracy,higher,final,2
180,1.174347162246704,1.047078251838684,1.0999815464019775,0.49107142857142855,0.5714285714285714,0.5555555555555556,0.01,0.6071428571428571,0.5,0,Accuracy,higher,final,2
181,1.1689643859863281,1.043842077255249,1.098824381828308,0.5089285714285714,0.5714285714285714,0.5555555555555556,0.01,0.6071428571428571,0.5,0,Accuracy,higher,final,2
182,1.1845556497573853,1.0381886959075928,1.0973241329193115,0.5267857142857143,0.5714285714285714,0.5555555555555556,0.01,0.6071428571428571,0.5,0,Accuracy,higher,final,2
183,1.228384017944336,1.0325262546539307,1.0967960357666016,0.5357142857142857,0.5357142857142857,0.5555555555555556,0.01,0.6071428571428571,0.5,0,Accuracy,higher,final,2
184,1.1826740503311157,1.0299493074417114,1.0970503091812134,0.5357142857142857,0.5357142857142857,0.5555555555555556,0.01,0.6071428571428571,0.5,0,Accuracy,higher,final,2
185,1.2070969343185425,1.0293844938278198,1.0978378057479858,0.5357142857142857,0.5357142857142857,0.5555555555555556,0.01,0.6071428571428571,0.5,0,Accuracy,higher,final,2
186,1.1267954111099243,1.0291736125946045,1.098136305809021,0.5357142857142857,0.5357142857142857,0.5555555555555556,0.01,0.6071428571428571,0.5,0,Accuracy,higher,final,2
187,1.2188903093338013,1.0312577486038208,1.0990068912506104,0.5357142857142857,0.5357142857142857,0.5555555555555556,0.01,0.6071428571428571,0.5,0,Accuracy,higher,final,2
188,1.1763640642166138,1.0341942310333252,1.0998038053512573,0.5357142857142857,0.5714285714285714,0.5555555555555556,0.01,0.6071428571428571,0.5,0,Accuracy,higher,final,2
189,1.172682523727417,1.0361672639846802,1.1003832817077637,0.5357142857142857,0.5357142857142857,0.5555555555555556,0.01,0.6071428571428571,0.5,0,Accuracy,higher,final,2
190,1.1970356702804565,1.0380136966705322,1.1011309623718262,0.5357142857142857,0.5357142857142857,0.5555555555555556,0.01,0.6071428571428571,0.5,0,Accuracy,higher,final,2
191,1.1767579317092896,1.04070246219635,1.1022478342056274,0.5357142857142857,0.5357142857142857,0.5555555555555556,0.01,0.6071428571428571,0.5,0,Accuracy,higher,final,2
192,1.1676586866378784,1.045320749282837,1.1039986610412598,0.5267857142857143,0.5714285714285714,0.5555555555555556,0.01,0.6071428571428571,0.5,0,Accuracy,higher,final,2
193,1.147887945175171,1.0510823726654053,1.105913758277893,0.5267857142857143,0.5714285714285714,0.5555555555555556,0.01,0.6071428571428571,0.5,0,Accuracy,higher,final,2
194,1.1802080869674683,1.0560896396636963,1.107627034187317,0.5267857142857143,0.5714285714285714,0.5555555555555556,0.01,0.6071428571428571,0.5,0,Accuracy,higher,final,2
195,1.2067699432373047,1.059272050857544,1.1087594032287598,0.5267857142857143,0.5714285714285714,0.5555555555555556,0.01,0.6071428571428571,0.5,0,Accuracy,higher,final,2
196,1.1742171049118042,1.0596339702606201,1.1088829040527344,0.5267857142857143,0.5714285714285714,0.5555555555555556,0.01,0.6071428571428571,0.5,0,Accuracy,higher,final,2
197,1.1744611263275146,1.0582236051559448,1.108540415763855,0.5357142857142857,0.5357142857142857,0.5555555555555556,0.01,0.6071428571428571,0.5,0,Accuracy,higher,final,2
198,1.1891299486160278,1.0567361116409302,1.1083275079727173,0.5357142857142857,0.5714285714285714,0.5555555555555556,0.01,0.6071428571428571,0.5,0,Accuracy,higher,final,2
199,1.1803325414657593,1.0550719499588013,1.108214020729065,0.5267857142857143,0.5357142857142857,0.5555555555555556,0.01,0.6071428571428571,0.5,0,Accuracy,higher,final,2
200,1.1849747896194458,1.0530235767364502,1.108337163925171,0.5267857142857143,0.5714285714285714,0.5555555555555556,0.01,0.6071428571428571,0.5,0,Accuracy,higher,final,2
201,1.1734092235565186,1.0540369749069214,1.1086496114730835,0.5267857142857143,0.5714285714285714,0.5555555555555556,0.01,0.6071428571428571,0.5,0,Accuracy,higher,final,2
202,1.1582108736038208,1.057193398475647,1.1088274717330933,0.5357142857142857,0.5714285714285714,0.5555555555555556,0.01,0.6071428571428571,0.5,0,Accuracy,higher,final,2
203,1.2039402723312378,1.0580594539642334,1.1091703176498413,0.5357142857142857,0.5714285714285714,0.5555555555555556,0.01,0.6071428571428571,0.5,0,Accuracy,higher,final,2
204,1.1913812160491943,1.0586527585983276,1.109536051750183,0.5357142857142857,0.5357142857142857,0.5555555555555556,0.01,0.6071428571428571,0.5,0,Accuracy,higher,final,2
205,1.1921955347061157,1.0580974817276,1.1093125343322754,0.5357142857142857,0.5357142857142857,0.5555555555555556,0.01,0.6071428571428571,0.5,0,Accuracy,higher,final,2
206,1.1643294095993042,1.0579729080200195,1.1088659763336182,0.5357142857142857,0.5357142857142857,0.5555555555555556,0.01,0.6071428571428571,0.5,0,Accuracy,higher,final,2
207,1.1749659776687622,1.057554006576538,1.1084949970245361,0.5357142857142857,0.5357142857142857,0.5555555555555556,0.01,0.6071428571428571,0.5,0,Accuracy,higher,final,2
208,1.1920698881149292,1.057379961013794,1.108180046081543,0.5357142857142857,0.5357142857142857,0.5555555555555556,0.01,0.6071428571428571,0.5,0,Accuracy,higher,final,2
209,1.1580754518508911,1.0571092367172241,1.1075682640075684,0.5267857142857143,0.5357142857142857,0.5555555555555556,0.01,0.6071428571428571,0.5,0,Accuracy,higher,final,2
210,1.1522160768508911,1.0545399188995361,1.106214165687561,0.5267857142857143,0.5357142857142857,0.5555555555555556,0.01,0.6071428571428571,0.5,0,Accuracy,higher,final,2
211,1.1862393617630005,1.0525093078613281,1.105241298675537,0.5357142857142857,0.5357142857142857,0.5555555555555556,0.01,0.6071428571428571,0.5,0,Accuracy,higher,final,2
212,1.2184953689575195,1.0480018854141235,1.104177474975586,0.5357142857142857,0.5357142857142857,0.5555555555555556,0.01,0.6071428571428571,0.5,0,Accuracy,higher,final,2
213,1.169820785522461,1.0431486368179321,1.1031166315078735,0.5357142857142857,0.5357142857142857,0.5555555555555556,0.01,0.6071428571428571,0.5,0,Accuracy,higher,final,2
214,1.1504802703857422,1.0404294729232788,1.1023322343826294,0.5267857142857143,0.5714285714285714,0.5555555555555556,0.01,0.6071428571428571,0.5,0,Accuracy,higher,final,2
215,1.1670867204666138,1.0370090007781982,1.1014041900634766,0.5267857142857143,0.5714285714285714,0.5555555555555556,0.01,0.6071428571428571,0.5,0,Accuracy,higher,final,2
216,1.1759836673736572,1.0357111692428589,1.1004986763000488,0.5267857142857143,0.5714285714285714,0.5555555555555556,0.01,0.6071428571428571,0.5,0,Accuracy,higher,final,2
217,1.1767184734344482,1.036351203918457,1.1004170179367065,0.5267857142857143,0.5714285714285714,0.5555555555555556,0.01,0.6071428571428571,0.5,0,Accuracy,higher,final,2
218,1.1695802211761475,1.0397230386734009,1.10077965259552,0.5357142857142857,0.5357142857142857,0.5555555555555556,0.01,0.6071428571428571,0.5,0,Accuracy,higher,final,2
219,1.190090298652649,1.0421603918075562,1.101090431213379,0.5357142857142857,0.5714285714285714,0.5555555555555556,0.01,0.6071428571428571,0.5,0,Accuracy,higher,final,2
220,1.1625993251800537,1.0448545217514038,1.1016913652420044,0.5357142857142857,0.5714285714285714,0.5555555555555556,0.01,0.6071428571428571,0.5,0,Accuracy,higher,final,2
221,1.1791057586669922,1.0483652353286743,1.1026748418807983,0.5357142857142857,0.5357142857142857,0.5555555555555556,0.01,0.6071428571428571,0.5,0,Accuracy,higher,final,2
222,1.197641372680664,1.05111563205719,1.103543758392334,0.5357142857142857,0.5357142857142857,0.5555555555555556,0.01,0.6071428571428571,0.5,0,Accuracy,higher,final,2
223,1.1826969385147095,1.0515254735946655,1.1038023233413696,0.5357142857142857,0.5357142857142857,0.5555555555555556,0.01,0.6071428571428571,0.5,0,Accuracy,higher,final,2
224,1.1394485235214233,1.0561662912368774,1.1049587726593018,0.5267857142857143,0.5714285714285714,0.5555555555555556,0.01,0.6071428571428571,0.5,0,Accuracy,higher,final,2
225,1.1617220640182495,1.0602885484695435,1.1060905456542969,0.5267857142857143,0.5714285714285714,0.5555555555555556,0.01,0.6071428571428571,0.5,0,Accuracy,higher,final,2
226,1.179311752319336,1.0610674619674683,1.106312870979309,0.5267857142857143,0.5714285714285714,0.5555555555555556,0.01,0.6071428571428571,0.5,0,Accuracy,higher,final,2
227,1.2095426321029663,1.0589783191680908,1.1059441566467285,0.5357142857142857,0.5357142857142857,0.5555555555555556,0.01,0.6071428571428571,0.5,0,Accuracy,higher,final,2
228,1.215746521949768,1.0570869445800781,1.1063899993896484,0.5357142857142857,0.5714285714285714,0.5555555555555556,0.01,0.6071428571428571,0.5,0,Accuracy,higher,final,2
229,1.152282953262329,1.0526070594787598,1.1058812141418457,0.5267857142857143,0.5357142857142857,0.5555555555555556,0.01,0.6071428571428571,0.5,0,Accuracy,higher,final,2
230,1.168247103691101,1.049509882926941,1.1057134866714478,0.5267857142857143,0.5714285714285714,0.5555555555555556,0.01,0.6071428571428571,0.5,0,Accuracy,higher,final,2
231,1.198773980140686,1.045892596244812,1.1054799556732178,0.5178571428571429,0.5714285714285714,0.5555555555555556,0.01,0.6071428571428571,0.5,0,Accuracy,higher,final,2
232,1.1580263376235962,1.0429476499557495,1.1047558784484863,0.5089285714285714,0.5714285714285714,0.5555555555555556,0.01,0.6071428571428571,0.5,0,Accuracy,higher,final,2
233,1.158504605293274,1.0399683713912964,1.1033687591552734,0.5178571428571429,0.5714285714285714,0.5555555555555556,0.01,0.6071428571428571,0.5,0,Accuracy,higher,final,2
234,1.1945255994796753,1.0398234128952026,1.1026854515075684,0.5267857142857143,0.5714285714285714,0.5555555555555556,0.01,0.6071428571428571,0.5,0,Accuracy,higher,final,2
235,1.1701515913009644,1.041157603263855,1.1022093296051025,0.5267857142857143,0.5357142857142857,0.5555555555555556,0.01,0.6071428571428571,0.5,0,Accuracy,higher,final,2
236,1.1621475219726562,1.040176510810852,1.1011903285980225,0.5357142857142857,0.5714285714285714,0.5555555555555556,0.01,0.6071428571428571,0.5,0,Accuracy,higher,final,2
237,1.178322672843933,1.0411990880966187,1.1010302305221558,0.5357142857142857,0.5357142857142857,0.5555555555555556,0.01,0.6071428571428571,0.5,0,Accuracy,higher,final,2
238,1.1738923788070679,1.0437896251678467,1.1016037464141846,0.5357142857142857,0.5357142857142857,0.5555555555555556,0.01,0.6071428571428571,0.5,0,Accuracy,higher,final,2
239,1.1314524412155151,1.045362114906311,1.1015379428863525,0.5267857142857143,0.5357142857142857,0.5555555555555556,0.01,0.6071428571428571,0.5,0,Accuracy,higher,final,2
240,1.1718631982803345,1.0476168394088745,1.1017152070999146,0.5267857142857143,0.5714285714285714,0.5555555555555556,0.01,0.6071428571428571,0.5,0,Accuracy,higher,final,2
241,1.1832160949707031,1.0502039194107056,1.1024256944656372,0.5267857142857143,0.5714285714285714,0.5555555555555556,0.01,0.6071428571428571,0.5,0,Accuracy,higher,final,2
242,1.199176549911499,1.0517652034759521,1.1028932332992554,0.5267857142857143,0.5714285714285714,0.5555555555555556,0.01,0.6071428571428571,0.5,0,Accuracy,higher,final,2
243,1.1999846696853638,1.0506747961044312,1.1022706031799316,0.5267857142857143,0.5714285714285714,0.5555555555555556,0.01,0.6071428571428571,0.5,0,Accuracy,higher,final,2
244,1.171405553817749,1.0475043058395386,1.1009736061096191,0.5267857142857143,0.5714285714285714,0.5555555555555556,0.01,0.6071428571428571,0.5,0,Accuracy,higher,final,2
245,1.1919972896575928,1.0460306406021118,1.1008979082107544,0.5357142857142857,0.5357142857142857,0.5555555555555556,0.01,0.6071428571428571,0.5,0,Accuracy,higher,final,2
246,1.1224225759506226,1.0462726354599,1.101367712020874,0.5357142857142857,0.5357142857142857,0.5555555555555556,0.01,0.6071428571428571,0.5,0,Accuracy,higher,final,2
247,1.1687246561050415,1.045247197151184,1.101558804512024,0.5357142857142857,0.5357142857142857,0.5555555555555556,0.01,0.6071428571428571,0.5,0,Accuracy,higher,final,2
248,1.184753656387329,1.0452547073364258,1.1018742322921753,0.5357142857142857,0.5714285714285714,0.5555555555555556,0.01,0.6071428571428571,0.5,0,Accuracy,higher,final,2
249,1.18898606300354,1.0486962795257568,1.103342056274414,0.5357142857142857,0.5357142857142857,0.5555555555555556,0.01,0.6071428571428571,0.5,0,Accuracy,higher,final,2
250,1.174201250076294,1.054977536201477,1.1056041717529297,0.5267857142857143,0.5357142857142857,0.5555555555555556,0.01,0.6071428571428571,0.5,0,Accuracy,higher,final,2
251,1.1366298198699951,1.0617426633834839,1.1077980995178223,0.5178571428571429,0.5714285714285714,0.5555555555555556,0.01,0.6071428571428571,0.5,0,Accuracy,higher,final,2
252,1.1653573513031006,1.0674134492874146,1.1097115278244019,0.5089285714285714,0.5714285714285714,0.5555555555555556,0.01,0.6071428571428571,0.5,0,Accuracy,higher,final,2
253,1.1620521545410156,1.070499062538147,1.110630989074707,0.5089285714285714,0.6071428571428571,0.5555555555555556,0.01,0.6071428571428571,0.5,0,Accuracy,higher,final,2
254,1.188279151916504,1.0709787607192993,1.110880970954895,0.5089285714285714,0.6071428571428571,0.5555555555555556,0.01,0.6071428571428571,0.5,0,Accuracy,higher,final,2
255,1.2050111293792725,1.0649569034576416,1.1085155010223389,0.5178571428571429,0.5714285714285714,0.5555555555555556,0.01,0.6071428571428571,0.5,0,Accuracy,higher,final,2
256,1.1848690509796143,1.0588974952697754,1.1062287092208862,0.5267857142857143,0.5714285714285714,0.5555555555555556,0.01,0.6071428571428571,0.5,0,Accuracy,higher,final,2
257,1.1383520364761353,1.053322672843933,1.1040260791778564,0.5267857142857143,0.5357142857142857,0.5555555555555556,0.01,0.6071428571428571,0.5,0,Accuracy,higher,final,2
258,1.1731939315795898,1.0519670248031616,1.1033287048339844,0.5357142857142857,0.5357142857142857,0.5555555555555556,0.01,0.6071428571428571,0.5,0,Accuracy,higher,final,2
259,1.183594822883606,1.0499303340911865,1.1025947332382202,0.5357142857142857,0.5357142857142857,0.5555555555555556,0.01,0.6071428571428571,0.5,0,Accuracy,higher,final,2
260,1.240012764930725,1.0456687211990356,1.1020793914794922,0.5357142857142857,0.5714285714285714,0.5555555555555556,0.01,0.6071428571428571,0.5,0,Accuracy,higher,final,2
261,1.1987165212631226,1.0440260171890259,1.102832555770874,0.5267857142857143,0.5714285714285714,0.5555555555555556,0.01,0.6071428571428571,0.5,0,Accuracy,higher,final,2
262,1.1679664850234985,1.0433660745620728,1.103182315826416,0.5267857142857143,0.5714285714285714,0.5555555555555556,0.01,0.6071428571428571,0.5,0,Accuracy,higher,final,2
263,1.1876190900802612,1.0429713726043701,1.103583812713623,0.5267857142857143,0.5714285714285714,0.5555555555555556,0.01,0.6071428571428571,0.5,0,Accuracy,higher,final,2
264,1.1535807847976685,1.0446975231170654,1.104137897491455,0.5267857142857143,0.5714285714285714,0.5555555555555556,0.01,0.6071428571428571,0.5,0,Accuracy,higher,final,2
265,1.1805351972579956,1.046108365058899,1.1045324802398682,0.5267857142857143,0.5714285714285714,0.5555555555555556,0.01,0.6071428571428571,0.5,0,Accuracy,higher,final,2
266,1.1736423969268799,1.047539472579956,1.1048054695129395,0.5267857142857143,0.5714285714285714,0.5555555555555556,0.01,0.6071428571428571,0.5,0,Accuracy,higher,final,2
267,1.1847354173660278,1.0475481748580933,1.1045899391174316,0.5357142857142857,0.5357142857142857,0.5555555555555556,0.01,0.6071428571428571,0.5,0,Accuracy,higher,final,2
268,1.15000319480896,1.0481489896774292,1.1040921211242676,0.5357142857142857,0.5714285714285714,0.5555555555555556,0.01,0.6071428571428571,0.5,0,Accuracy,higher,final,2
269,1.1963893175125122,1.0491821765899658,1.1039392948150635,0.5357142857142857,0.5714285714285714,0.5555555555555556,0.01,0.6071428571428571,0.5,0,Accuracy,higher,final,2
270,1.2055939435958862,1.049687385559082,1.1040992736816406,0.5357142857142857,0.5714285714285714,0.5555555555555556,0.01,0.6071428571428571,0.5,0,Accuracy,higher,final,2
271,1.1274077892303467,1.0496193170547485,1.1037894487380981,0.5357142857142857,0.5714285714285714,0.5555555555555556,0.01,0.6071428571428571,0.5,0,Accuracy,higher,final,2
272,1.1568349599838257,1.0503934621810913,1.103449821472168,0.5357142857142857,0.5357142857142857,0.5555555555555556,0.01,0.6071428571428571,0.5,0,Accuracy,higher,final,2
273,1.1906195878982544,1.0518385171890259,1.103724479675293,0.5357142857142857,0.5357142857142857,0.5555555555555556,0.01,0.6071428571428571,0.5,0,Accuracy,higher,final,2
274,1.1896864175796509,1.0554312467575073,1.1045540571212769,0.5357142857142857,0.5357142857142857,0.5555555555555556,0.01,0.6071428571428571,0.5,0,Accuracy,higher,final,2
275,1.1749916076660156,1.0565273761749268,1.1049044132232666,0.5267857142857143,0.5357142857142857,0.5555555555555556,0.01,0.6071428571428571,0.5,0,Accuracy,higher,final,2
276,1.207608938217163,1.055809736251831,1.1048349142074585,0.5267857142857143,0.5357142857142857,0.5555555555555556,0.01,0.6071428571428571,0.5,0,Accuracy,higher,final,2
277,1.154497742652893,1.053465723991394,1.1038453578948975,0.5357142857142857,0.5357142857142857,0.5555555555555556,0.01,0.6071428571428571,0.5,0,Accuracy,higher,final,2
278,1.1526163816452026,1.0511077642440796,1.102510929107666,0.5357142857142857,0.5357142857142857,0.5555555555555556,0.01,0.6071428571428571,0.5,0,Accuracy,higher,final,2
279,1.1900746822357178,1.046054482460022,1.1006762981414795,0.5357142857142857,0.5357142857142857,0.5555555555555556,0.01,0.6071428571428571,0.5,0,Accuracy,higher,final,2
280,1.1226860284805298,1.0431569814682007,1.0991581678390503,0.5357142857142857,0.5714285714285714,0.5555555555555556,0.01,0.6071428571428571,0.5,0,Accuracy,higher,final,2
281,1.1846483945846558,1.041711688041687,1.098364233970642,0.5357142857142857,0.5357142857142857,0.5555555555555556,0.01,0.6071428571428571,0.5,0,Accuracy,higher,final,2
282,1.1476534605026245,1.0396515130996704,1.0974401235580444,0.5357142857142857,0.5357142857142857,0.5555555555555556,0.01,0.6071428571428571,0.5,0,Accuracy,higher,final,2
283,1.1787030696868896,1.0386825799942017,1.097109317779541,0.5357142857142857,0.5357142857142857,0.5555555555555556,0.01,0.6071428571428571,0.5,0,Accuracy,higher,final,2
284,1.163004994392395,1.0375382900238037,1.0964164733886719,0.5357142857142857,0.5357142857142857,0.5555555555555556,0.01,0.6071428571428571,0.5,0,Accuracy,higher,final,2
285,1.13615882396698,1.0380789041519165,1.0954689979553223,0.5357142857142857,0.5357142857142857,0.5555555555555556,0.01,0.6071428571428571,0.5,0,Accuracy,higher,final,2
286,1.186475157737732,1.0404057502746582,1.0951879024505615,0.5357142857142857,0.5357142857142857,0.5555555555555556,0.01,0.6071428571428571,0.5,0,Accuracy,higher,final,2
287,1.2164186239242554,1.0417779684066772,1.0952904224395752,0.5267857142857143,0.5714285714285714,0.5555555555555556,0.01,0.6071428571428571,0.5,0,Accuracy,higher,final,2
288,1.215362787246704,1.0410194396972656,1.095536708831787,0.5357142857142857,0.5357142857142857,0.5555555555555556,0.01,0.6071428571428571,0.5,0,Accuracy,higher,final,2
289,1.131773829460144,1.0425230264663696,1.096200942993164,0.5267857142857143,0.5357142857142857,0.5555555555555556,0.01,0.6071428571428571,0.5,0,Accuracy,higher,final,2
290,1.149983286857605,1.0439608097076416,1.0967066287994385,0.5267857142857143,0.5357142857142857,0.5555555555555556,0.01,0.6071428571428571,0.5,0,Accuracy,higher,final,2
291,1.1536273956298828,1.0465009212493896,1.0974491834640503,0.5267857142857143,0.5714285714285714,0.5555555555555556,0.01,0.6071428571428571,0.5,0,Accuracy,higher,final,2
292,1.150199055671692,1.0462390184402466,1.0972801446914673,0.5267857142857143,0.5714285714285714,0.5555555555555556,0.01,0.6071428571428571,0.5,0,Accuracy,higher,final,2
293,1.1661494970321655,1.0436369180679321,1.0964747667312622,0.5357142857142857,0.5357142857142857,0.5555555555555556,0.01,0.6071428571428571,0.5,0,Accuracy,higher,final,2
294,1.1786010265350342,1.0394283533096313,1.0956289768218994,0.5357142857142857,0.5714285714285714,0.5555555555555556,0.01,0.6071428571428571,0.5,0,Accuracy,higher,final,2
295,1.1663962602615356,1.0361994504928589,1.094749093055725,0.5357142857142857,0.5357142857142857,0.5555555555555556,0.01,0.6071428571428571,0.5,0,Accuracy,higher,final,2
296,1.2048394680023193,1.0314486026763916,1.0941739082336426,0.5357142857142857,0.5357142857142857,0.5555555555555556,0.01,0.6071428571428571,0.5,0,Accuracy,higher,final,2
297,1.1522451639175415,1.0266244411468506,1.093482494354248,0.5267857142857143,0.5714285714285714,0.5555555555555556,0.01,0.6071428571428571,0.5,0,Accuracy,higher,final,2
298,1.2211750745773315,1.0225028991699219,1.093245029449463,0.5267857142857143,0.5714285714285714,0.5555555555555556,0.01,0.6071428571428571,0.5,0,Accuracy,higher,final,2
299,1.1727360486984253,1.0198171138763428,1.0933380126953125,0.5267857142857143,0.5714285714285714,0.5555555555555556,0.01,0.6071428571428571,0.5,0,Accuracy,higher,final,2
